rain,temperature,rh,dew_point,wind_speed,gust_speed,wind_direction
0,30.877,60.777,22.445,1,2.5,167
0,30.684,64.842,23.334,0.5,2.5,160
0,31.242,60.267,22.648,1,2.5,142
0,31.199,60.438,22.655,0.5,1.5,138
0,29.526,64.831,22.234,1,2.5,154
0,30.212,65.769,23.122,0.5,1.5,156
0,29.976,64.529,22.583,1,2,156
0,30.47,63.665,22.827,0,2,152
0,31.478,60.264,22.869,0,1.5,143
0,31.285,60.56,22.768,0.5,2,107
0,31.006,60.589,22.515,0.5,3,112
0,31.392,58.3,22.242,0,2,166
0,31.435,59.507,22.62,0.5,1.5,149
0,31.649,59.207,22.737,0,1.5,149
0,30.577,61.933,22.473,1.5,3.5,167
0,30.577,63.238,22.817,1.5,2.5,154
0,31.006,59.687,22.267,0.5,2.5,146
0,30.963,60.177,22.362,0.5,2.5,160
0,31.049,60.584,22.554,0,1.5,181
0,31.435,61.349,23.124,0,1.5,170
0,32.143,57.337,22.668,0,0.5,168
0,31.156,63.439,23.417,0.5,2.5,181
0,30.641,61.761,22.488,1,2.5,160
0,29.076,67.002,22.349,1,2.5,170
0,28.775,70.718,22.953,0.5,2,154
0,29.269,68.855,22.983,0,1,154
0,30.127,64.393,22.691,0.5,1.5,154
